measurement_concept_id,omop_measurement_name,collapsed_measurement,mapping_status,n_mapped_test_type_cds,mapped_test_type_cds,n_mapped_test_names,mapped_test_name_prefixes_json,mapped_test_names_json,canonical_unit,summed_internal_count,notes
3000905,Leukocytes [#/volume] in Blood by Automated count,WBC,mapped,1,WBC,10,"[""WBC""]","[""WBC"", ""WBC (WBC COUNT)"", ""WBC (WHITE BLOOD COUNT)"", ""WBC (WHITE BLOOD COUNT | CDR MRMC HEM LRR)"", ""WBC (WBC COUNT | CDR EHS HEM LRR)"", ""WBC (WBC COUNT | CDR SSHCC HEM LRR)"", ""WBC (WHITE BLOOD CELL COUNT | CDR SSHCC HEM LRR)"", ""WBC (WHITE BLOOD CELL COUNT | CDR CRMA HEM LRR)"", ""WBC (WHITE BLOOD CELL COUNT)"", ""WBC (WHITE BLOOD COUNT | CDR MVH HEM LRR)""]",thousand per microliter,50977,
3000963,Hemoglobin [Mass/volume] in Blood,Hemoglobin,mapped,1,HGB,7,"[""HGB""]","[""HGB"", ""HGB (HEMOGLOBIN)"", ""HGB (HEMOGLOBIN | CDR MRMC HEM LRR)"", ""HGB (HEMOGLOBIN | CDR EHS HEM LRR)"", ""HGB (HEMOGLOBIN | CDR SSHCC HEM LRR)"", ""HGB (HEMOGLOBIN | CDR CRMA HEM LRR)"", ""HGB (HEMOGLOBIN | CDR MVH HEM LRR)""]",gram per deciliter,50649,Rows with unsupported or semantically incompatible units are excluded by consolidate_dfci_labs.py.
3003785,Carcinoembryonic Ag [Mass/volume] in Serum or Plasma,CEA,mapped,1,CEA,5,"[""CEA""]","[""CEA"", ""CEA (CEA (OLD))"", ""CEA (CEA | CDR SSHCC LAB LRR)"", ""CEA (CARCINOEMBRYONIC ANTIGEN | CDR MRMC LAB LRR)"", ""CEA (CARCINOEMBRYONIC ANTIGEN)""]",nanogram per milliliter,564,
3004249,Systolic blood pressure,Systolic blood pressure,mapped,0,,1,"[""Systolic-Epic""]","[""Systolic-Epic""]",millimeter of mercury,79830,Expanded beyond the legacy code list using new TEST_NAME aliases from unique_lab_ids_w_units.csv.
3004327,Lymphocytes [#/volume] in Blood by Automated count,Lymphocytes absolute,mapped,4,ALYMP | ALYMPH | ALYMPHS | MALYM,17,"[""ALYMP"", ""ALYMPH"", ""ALYMPHS"", ""MALYM""]","[""ALYMP (ABSOLUTE LYMPHS)"", ""ALYMPH (ABSOLUTE LYMPHS)"", ""ALYMPHS (LYMPH ABS AUTO)"", ""ALYMP (LYMPHOCYTES # (AUTO))"", ""ALYMPHS (ABSOLUTE LYMPHOCYTES (CBC) | CDR MRMC HEM LRR)"", ""MALYM (ABSOLUTE LYMPHS)"", ""ALYMPHS (LYMPHOCYTE NO. | CDR EHS HEM LRR)"", ""ALYMPH (LYMPHOCYTE #)"", ""ALYMPHS (LYMPHOCYTES (#) | CDR SSHCC HEM LRR)"", ""ALYMP (LYMPHOCYTE #)"", ""ALYMPH (ABSOLUTE LYMPHOCYTES (CBC) | CDR MRMC HEM LRR)"", ""ALYMPHS (ABSOLUTE LYMPH COUNT)"", ""ALYMP (LYMPHOCYTES (#))"", ""ALYMPHS (LYMPHOCYTE# | CDR SSHCC HEM LRR)"", ""ALYMP (ABS  LYMP)"", ""ALYMPH (LYMPHOCYTES ABSOLUTE MANUAL)"", ""ALYMPHS (LYMPH# | CDR CRMA HEM LRR)""]",thousand per microliter,51862,
3004501,Glucose [Mass/volume] in Serum or Plasma,Glucose,mapped,2,GLU | PGLU,10,"[""GLU"", ""PGLU""]","[""GLU (GLUCOSE)"", ""PGLU (GLUCOSE)"", ""GLU (GLUCOSE RANDOM)"", ""GLU (GLUCOSE | CDR EHS LAB LRR)"", ""GLU (GLUCOSE LEVEL | CDR MRMC LAB LRR)"", ""GLU (GLUCOSE | CDR SSHCC LAB LRR)"", ""PGLU (RAPID GLUCOSE)"", ""GLU (RAPID GLUCOSE)"", ""GLU (GLUCOSE | CDR CRMA LAB LLR)"", ""GLU (GLUCOSE | CDR NSMC LAB LRR)""]",milligram per deciliter,53110,
3006906,Calcium [Mass/volume] in Serum or Plasma,Calcium,mapped,1,CA,6,"[""CA""]","[""CA (CALCIUM)"", ""CA (CALCIUM | CDR EHS LAB LRR)"", ""CA (CALCIUM LEVEL | CDR MRMC LAB LRR)"", ""CA (CALCIUM | CDR SSHCC LAB LRR)"", ""CA (CALCIUM | CDR CRMA LAB LLR)"", ""CA (CALCIUM | CDR NSMC LAB LRR)""]",milligram per deciliter,53154,
3006923,Alanine aminotransferase [Enzymatic activity/volume] in Serum or Plasma,ALT,mapped,1,SGPT,12,"[""SGPT"", ""ALT""]","[""SGPT (ALT)"", ""SGPT"", ""SGPT (ALANINE AMINOTRANSFERASE)"", ""SGPT (ALT | CDR EHS LAB LRR)"", ""SGPT (ALANINE AMINOTRANSFERASE (ALT/SGPT) | CDR MRMC LAB LRR)"", ""SGPT (ALT | CDR SSHCC LAB LRR)"", ""SGPT (ALT/SGPT)"", ""ALT (ALT (SGPT) | CDR CRMA LAB LLR)"", ""SGPT (ALT/SGPT | CDR SSHCC LAB LRR)"", ""ALT (ALT(SGPT))"", ""SGPT (ALT | CDR NSMC LAB LRR)"", ""SGPT (ALT | CDR QUEST LAB LRR)""]",international unit per liter,55383,Expanded beyond the legacy code list using new TEST_NAME aliases from unique_lab_ids_w_units.csv.
3007220,Creatine kinase [Enzymatic activity/volume] in Serum or Plasma,Creatine kinase,mapped,1,CPK,3,"[""CPK""]","[""CPK (CREATINE KINASE)"", ""CPK"", ""CPK (CREATINE KINASE TOTAL)""]",international unit per liter,936,
3008598,Thyroxine (T4) free [Mass/volume] in Serum or Plasma,Free T4,mapped,3,FREET4 | FRT4 | FRT4M,6,"[""FREET4"", ""FRT4M"", ""FT""]","[""FREET4 (FREE T4)"", ""FRT4M (FREE T4)"", ""FT (FREE THYROXINE)"", ""FREET4 (FREE T4 | CDR SSHCC LAB LRR)"", ""FREET4 (FREE THYROXINE | CDR EHS LAB LRR)"", ""FREET4 (FREE THYROXINE | CDR MRMC LAB LRR)""]",nanogram per deciliter,1511,Expanded beyond the legacy code list using new TEST_NAME aliases from unique_lab_ids_w_units.csv.
3008893,Testosterone [Mass/volume] in Serum or Plasma,Testosterone,mapped,4,TES | TESTT | TOTTES | TTEST,11,"[""TES"", ""TESTT"", ""TOTTES""]","[""TES (TESTOSTERONE)"", ""TES (TESTOSTERONE, TOTAL)"", ""TESTT (TOTAL TESTOSTERONE)"", ""TOTTES (TESTOSTERONE, TOTAL)"", ""TES (TESTOSTERONE TOTAL)"", ""TES (TESTOSTERONE LEVEL | CDR MRMC LAB LRR)"", ""TES (TESTOSTERONE,TOTAL)"", ""TES (TESTOSTERONE | CDR SSHCC LAB LRR)"", ""TES (TOTAL TESTOSTERONE | CDR EHS LAB LRR)"", ""TES (TOTAL TESTOSTERONE | CDR MRMC LAB LRR)"", ""TES (TESTOSTERONE, TOTAL (NG/DL))""]",nanogram per deciliter,30697,
3009201,Thyrotropin [Units/volume] in Serum or Plasma,TSH,mapped,2,TSH | TSH3,10,"[""TSH"", ""TSH3""]","[""TSH"", ""TSH (THYROID STIMULATING HORMONE)"", ""TSH (THYROID STIMULATING HORMONE (TSH) | CDR MRMC LAB LRR)"", ""TSH (TSH PLASMA,THYROID STIMULATING)"", ""TSH3 (TSH CASCADE)"", ""TSH (TSH | CDR EHS LAB LRR)"", ""TSH (SCREENING PANEL: TSH)"", ""TSH (TSH WITH THYROID CASCADE | CDR EHS LAB LRR)"", ""TSH (TSH | CDR SSHCC LAB LRR)"", ""TSH3 (THYROID STIMULATING HORMONE)""]",milli-international unit per liter,3938,Rows with unsupported or semantically incompatible units are excluded by consolidate_dfci_labs.py.
3009306,Alpha-1-Fetoprotein [Mass/volume] in Serum or Plasma,AFP,mapped,2,AFPC | AFPTM,4,"[""AFPTM"", ""AFPC""]","[""AFPTM (AFP (NON-MATERNAL))"", ""AFPC (ALPHA-FETOPROTEIN)"", ""AFPC (AFP (non-maternal))"", ""AFPTM (AFP TUMOR MARKER, S)""]",nanogram per milliliter,55,
3009744,MCHC [Entitic Mass/volume] in Red Blood Cells by Automated count,MCHC,mapped,1,MCHC,8,"[""MCHC""]","[""MCHC"", ""MCHC (MEAN CORPUSCULAR HGB,CONCENT)"", ""MCHC (MEAN CORPUSCULAR HEMOGLOBIN CONCENT | CDR MRMC HEM LRR)"", ""MCHC (MCHC | CDR EHS HEM LRR)"", ""MCHC (MCHC | CDR SSHCC HEM LRR)"", ""MCHC (MEAN CORPUSCULAR HGB CONC | CDR SSHCC HEM LRR)"", ""MCHC (MCHC | CDR CRMA HEM LRR)"", ""MCHC (MEAN CORPUSCULAR HGB CONC | CDR MVH HEM LRR)""]",gram per deciliter,50972,
3012030,MCH [Entitic mass] by Automated count,MCH,mapped,1,MCH,8,"[""MCH""]","[""MCH"", ""MCH (MEAN CORPUSCULAR HEMOGLOBIN)"", ""MCH (MEAN CORPUSCULAR HEMOGLOBIN | CDR MRMC HEM LRR)"", ""MCH (MCH | CDR EHS HEM LRR)"", ""MCH (MCH | CDR SSHCC HEM LRR)"", ""MCH (MEAN CORPUSCULAR HEMOGLOBIN | CDR SSHCC HEM LRR)"", ""MCH (MCH | CDR CRMA HEM LRR)"", ""MCH (MEAN CORPUSCULAR HEMOGLOBIN | CDR MVH HEM LRR)""]",picogram,50972,
3012888,Diastolic blood pressure,Diastolic blood pressure,mapped,0,,1,"[""Diastolic-Epic""]","[""Diastolic-Epic""]",millimeter of mercury,79830,Expanded beyond the legacy code list using new TEST_NAME aliases from unique_lab_ids_w_units.csv.
3013429,Basophils [#/volume] in Blood by Automated count,Basophils absolute,mapped,4,ABASO | ABASOP | ABASOS | MABASO,16,"[""ABASOP"", ""ABASO"", ""ABASOS"", ""MABASO""]","[""ABASOP (ABSOLUTE BASOS)"", ""ABASO (ABSOLUTE BASOS)"", ""ABASO (ABSOLUTE BASO)"", ""ABASOS (BASO ABS AUTO)"", ""ABASOP (BASOPHILS # (AUTO))"", ""ABASOS (ABSOLUTE BASOPHILS (CBC) | CDR MRMC HEM LRR)"", ""MABASO (ABSOLUTE BASO)"", ""ABASOS (BASOPHIL NO. | CDR EHS HEM LRR)"", ""ABASOS (BASOPHILS (#) | CDR SSHCC HEM LRR)"", ""ABASOP (BASOPHILS #)"", ""ABASO (BASOPHILS #)"", ""ABASO (ABSOLUTE BASOPHILS (CBC) | CDR MRMC HEM LRR)"", ""ABASOP (BASOPHILS  (#))"", ""ABASOS (ABSOLUTE BASOPHIL COUNT | CDR SSHCC HEM LRR)"", ""ABASO (BASOPHILS ABS MANUAL)"", ""ABASOS (BASO# | CDR CRMA HEM LRR)""]",thousand per microliter,51404,Rows with unsupported or semantically incompatible units are excluded by consolidate_dfci_labs.py.
3013466,aPTT in Blood by Coagulation assay,aPTT,mapped,1,PTT,10,"[""PTT""]","[""PTT (APTT)"", ""PTT"", ""PTT (aPTT)"", ""PTT (PTT ACT PARTIAL THROMBOPLASTIN)"", ""PTT (ACTIVATED PARTIAL THROMBOPLAST TIME | CDR MRMC HEM LRR)"", ""PTT (PARTIAL THROMBOPLASTIN TIME)"", ""PTT (ACTIVATED PTT | CDR EHS HEM LRR)"", ""PTT (APTT | CDR SSHCC HEM LRR)"", ""PTT (LUPUS ANTICOAGULANT PTT SCREEN|CDR MRMC LAB LRR)"", ""PTT (PARTIAL THROMBOPLASTIN TIME | CDR MVH HEM LRR)""]",second,2231,
3013603,Prostate specific Ag [Mass/volume] in Serum or Plasma,PSA,mapped,4,PSA | PSAMON | PSAR | PSAT,19,"[""PSAMON"", ""PSAR"", ""PSA"", ""PSAT""]","[""PSAMON (PROSTATE SPECIFIC AG)"", ""PSAR (PROSTATE SPEC ANTIGEN)"", ""PSA (PSA SCREENING)"", ""PSAR (PROSTATE SPECIFIC AG)"", ""PSAMON (PSA MONITORING)"", ""PSA (PSA MONITORING (OLD))"", ""PSA (PROSTATE SPECIFIC ANTIGEN)"", ""PSA (PSA SCREEN)"", ""PSAT (PSA SCREEN)"", ""PSA"", ""PSA (PSA | CDR SSHCC LAB LRR)"", ""PSA (PSA SCREENING (OLD))"", ""PSA (PSA, SCREEN)"", ""PSA (PSA, PROSTATE SPECIFIC ANTIGEN)"", ""PSA (PROSTATE SPECIFIC ANTIGEN TOTAL | CDR MRMC LAB LRR)"", ""PSA (PROSTATE SPECIFIC ANTIGEN SCRN)"", ""PSA (PROSTATE SPECIFIC AG, SERUM)"", ""PSAMON (PROSTATE SPECIFIC ANTIGEN | CDR MRMC LAB LRR)"", ""PSAMON (PSA MONITORING | CDR NSMC LAB LRR)""]",nanogram per milliliter,58606,
3013650,Neutrophils [#/volume] in Blood by Automated count,Neutrophils absolute,mapped,5,ANCAB | ANEU | ANEUT | ANEUTS | DMANUT,20,"[""ANEU"", ""ANEUT"", ""ANCAB"", ""ANEUTS"", ""DMANUT""]","[""ANEU (ABSOLUTE NEUTS)"", ""ANEUT (ABSOLUTE NEUTS)"", ""ANCAB (ABSOLUTE NEUTROPHIL COUNT)"", ""ANEUTS (NEUT ABS AUTO)"", ""ANEUTS (ABSOLUTE NEUTROPHIL | CDR MRMC HEM LRR)"", ""ANEU (NEUTROPHILS # (AUTO))"", ""DMANUT (ABSOLUTE NEUTS)"", ""ANEUTS (NEUTROPHIL NO. | CDR EHS HEM LRR)"", ""ANEUT (NEUTROPHILS # (MANUAL))"", ""ANEUTS (NEUTROPHIL (#) | CDR SSHCC HEM LRR)"", ""ANEU (NEUTROPHILS #)"", ""ANEUT (ABSOLUTE NEUTROPHIL | CDR MRMC HEM LRR)"", ""ANEUTS (ABSOLUTE NEUTS)"", ""ANEU (ANC, ABSOLUTE NEUTROPHIL COUNT)"", ""ANEUT (NEUTROPHILS #)"", ""ANEU (NEUTROPHILS (#))"", ""ANEUTS (ABSOLUTE NEUTROPHIL COUNT | CDR SSHCC HEM LRR)"", ""ANEU (ABS  NEUT)"", ""ANEU (NEUTROPHILS ABSOLUTE MANUAL)"", ""ANEUTS (NEUT# | CDR CRMA HEM LRR)""]",thousand per microliter,52836,
3013682,Urea nitrogen [Mass/volume] in Serum or Plasma,BUN,mapped,2,BUN | PBUN,10,"[""BUN"", ""PBUN""]","[""BUN"", ""PBUN (BUN)"", ""BUN (BLOOD UREA NITROGEN)"", ""BUN (BUN | CDR EHS LAB LRR)"", ""BUN (BUN, UREA NITROGEN BLOOD)"", ""BUN (BLOOD UREA NITROGEN | CDR MRMC LAB LRR)"", ""BUN (BUN | CDR SSHCC LAB LRR)"", ""BUN (UREA NITROGEN (MG/DL) IN SER/PLAS)"", ""BUN (BUN | CDR CRMA LAB LLR)"", ""BUN (BUN | CDR NSMC LAB LRR)""]",milligram per deciliter,54359,
3013707,Erythrocyte sedimentation rate [Velocity] in Red Blood Cells by Westergren method,ESR,mapped,2,ESR | ESRB,4,"[""ESRB"", ""ESR""]","[""ESRB (SED RATE)"", ""ESR"", ""ESRB (ESR)"", ""ESR (ESR | CDR SSHCC HEM LRR)""]",millimeter per hour,652,
3013721,Aspartate aminotransferase [Enzymatic activity/volume] in Serum or Plasma,AST,mapped,1,SGOT,11,"[""SGOT""]","[""SGOT (AST)"", ""SGOT"", ""SGOT (ASPARTATE AMINO TRANSFERASE)"", ""SGOT (AST | CDR EHS LAB LRR)"", ""SGOT (AST/SGOT)"", ""SGOT (ASPARTATE AMINO TRANSF (AST/SGOT) | CDR MRMC LAB LRR)"", ""SGOT (AST | CDR SSHCC LAB LRR)"", ""SGOT (AST (SGOT) | CDR CRMA LAB LLR)"", ""SGOT (AST/SGOT | CDR SSHCC LAB LRR)"", ""SGOT (AST | CDR NSMC LAB LRR)"", ""SGOT (AST | CDR QUEST LAB LRR)""]",international unit per liter,55430,
3014576,Chloride [Moles/volume] in Serum or Plasma,Chloride,mapped,1,CL,9,"[""CL"", ""PCL""]","[""CL (CHLORIDE)"", ""PCL (CHLORIDE)"", ""CL (CHLORIDE | CDR EHS LAB LRR)"", ""CL (CL, CHLORIDE)"", ""CL (CHLORIDE LEVEL | CDR MRMC LAB LRR)"", ""CL (CHLORIDE | CDR SSHCC LAB LRR)"", ""CL (CHLORIDE (MMOL/L) IN SER/PLAS)"", ""CL (CHLORIDE | CDR CRMA LAB LLR)"", ""CL (CHLORIDE | CDR NSMC LAB LRR)""]",milliequivalent per liter,52982,Expanded beyond the legacy code list using new TEST_NAME aliases from unique_lab_ids_w_units.csv.
3015632,"Carbon dioxide, total [Moles/volume] in Serum or Plasma",CO2,mapped,1,CO2,9,"[""CO2"", ""PLCO2""]","[""CO2"", ""PLCO2 (CO2)"", ""CO2 (CARBON DIOXIDE)"", ""CO2 (CO2 | CDR EHS LAB LRR)"", ""CO2 (CO2, CARBON DIOXIDE)"", ""CO2 (CARBON DIOXIDE LEVEL | CDR MRMC LAB LRR)"", ""CO2 (CO2 | CDR SSHCC LAB LRR)"", ""CO2 (CO2 | CDR CRMA LAB LLR)"", ""CO2 (CARBON DIOXIDE | CDR NSMC LAB LRR)""]",milliequivalent per liter,52983,Expanded beyond the legacy code list using new TEST_NAME aliases from unique_lab_ids_w_units.csv.
3016407,Fibrinogen [Mass/volume] in Platelet poor plasma by Coagulation assay,Fibrinogen,mapped,1,FIB,3,"[""FIB""]","[""FIB (FIBRINOGEN)"", ""FIB (FIBRINOGEN (BWH))"", ""FIB (Fibrinogen)""]",milligram per deciliter,220,
3016436,Lactate dehydrogenase [Enzymatic activity/volume] in Serum or Plasma,LDH,mapped,1,LDH,5,"[""LDH""]","[""LDH"", ""LDH (LACTATE DEHYDROGENASE)"", ""LDH (LDH | CDR SSHCC LAB LRR)"", ""LDH (LACTATE DEHYDROGENASE | CDR MRMC LAB LRR)"", ""LDH (LDH | CDR EHS LAB LRR)""]",international unit per liter,6019,
3016723,Creatinine [Mass/volume] in Serum or Plasma,Creatinine,mapped,1,CRE,8,"[""CRE""]","[""CRE (CREATININE)"", ""CRE (SERUM CREATININE)"", ""CRE (CREATININE | CDR EHS LAB LRR)"", ""CRE (CREATININE | CDR MRMC LAB LRR)"", ""CRE (CREATININE | CDR SSHCC LAB LRR)"", ""CRE (CREATININE | CDR CRMA LAB LLR)"", ""CRE (CREATININE - POCT)"", ""CRE (CREATININE | CDR NSMC LAB LRR)""]",milligram per deciliter,55351,
3019550,Sodium [Moles/volume] in Serum or Plasma,Sodium,mapped,1,PNA,6,"[""SODIUM"", ""PNA"", ""SODIUM | CDR EHS LAB LRR"", ""NA,SODIUM"", ""SODIUM LEVEL | CDR MRMC LAB LRR"", ""SODIUM | CDR SSHCC LAB LRR""]","[""SODIUM"", ""PNA (SODIUM)"", ""SODIUM | CDR EHS LAB LRR"", ""NA,SODIUM"", ""SODIUM LEVEL | CDR MRMC LAB LRR"", ""SODIUM | CDR SSHCC LAB LRR""]",milliequivalent per liter,52987,Expanded beyond the legacy code list using new TEST_NAME aliases from unique_lab_ids_w_units.csv.
3019897,Erythrocyte [DistWidth] in Red Blood Cells by Automated count,RDW,mapped,1,RDW,9,"[""RDW""]","[""RDW"", ""RDW (RDW-CV)"", ""RDW (RED CELL DISTRIBUTION WIDTH)"", ""RDW (RED CELL DISTRIBUTION WIDTH | CDR MRMC HEM LRR)"", ""RDW (RDW | CDR EHS HEM LRR)"", ""RDW (RDW | CDR SSHCC HEM LRR)"", ""RDW (RED CELL DISTRIBUTION WIDTH | CDR SSHCC HEM LRR)"", ""RDW (RDW | CDR CRMA HEM LRR)"", ""RDW (RED CELL DISTRIBUTION WIDTH | CDR MVH HEM LRR)""]",percent,50093,Rows with unsupported or semantically incompatible units are excluded by consolidate_dfci_labs.py.
3020416,Erythrocytes [#/volume] in Blood by Automated count,RBC,mapped,1,RBC,10,"[""RBC""]","[""RBC"", ""RBC (RBC COUNT)"", ""RBC (RED BLOOD COUNT)"", ""RBC (RED BLOOD COUNT | CDR MRMC HEM LRR)"", ""RBC (RBC COUNT | CDR EHS HEM LRR)"", ""RBC (RBC COUNT | CDR SSHCC HEM LRR)"", ""RBC (RBC | CDR SSHCC HEM LRR)"", ""RBC (RED BLOOD CELL COUNT | CDR CRMA HEM LRR)"", ""RBC (RBC, AUTOMATED)"", ""RBC (RED BLOOD CELL COUNT | CDR MVH HEM LRR)""]",million per microliter,50972,
3020460,C reactive protein [Mass/volume] in Serum or Plasma,CRP,mapped,4,CRP | CRPRTN | CRPT | HSCRP,5,"[""CRPT"", ""HSCRP"", ""CRPRTN"", ""CRP""]","[""CRPT (C REACTIVE PROTEIN)"", ""HSCRP (CRP, HIGH SENSITIVITY)"", ""CRPT (C-REACTIVE PROTEIN)"", ""CRPRTN (C-REACTIVE PROTEIN)"", ""CRP (C REACTIVE PROTEIN)""]",milligram per deciliter,473,
3020509,Albumin/Globulin [Mass Ratio] in Serum or Plasma,Albumin/globulin ratio,mapped,1,AGRTO,3,"[""AGRTO""]","[""AGRTO (A/G RATIO | CDR SSHCC LAB LRR)"", ""AGRTO (A/G RATIO)"", ""AGRTO (ALBUMIN/GLOBULIN RATIO | CDR QUEST LAB LRR)""]",ratio,169,Rows with unsupported or semantically incompatible units are excluded by consolidate_dfci_labs.py.
3020630,Protein [Mass/volume] in Serum or Plasma,Total protein,mapped,1,TP,13,"[""TP""]","[""TP (TOTAL PROTEIN)"", ""TP (TOTAL PROTEIN | CDR EHS LAB LRR)"", ""TP (TP, PROTEIN,TOTAL)"", ""TP (TOTAL PROTEIN | CDR MRMC LAB LRR)"", ""TP (TOTAL PROTEIN | CDR SSHCC LAB LRR)"", ""TP (PROTEIN, TOTAL)"", ""TP (PROTEIN ELECTROPHORESIS (T) | CDR MRMC LAB LRR)"", ""TP (TOTAL PROTEIN (ELECTROPH.) | CDR EHS LAB LRR)"", ""TP (PROTEIN, TOTAL | CDR CRMA LAB LLR)"", ""TP (PROTEIN,SERUM TOTAL)"", ""TP (PROTEIN, TOTAL | CDR QUEST LAB LRR)"", ""TP (TOTAL PROTEIN | CDR NSMC LAB LRR)"", ""TP (TOTAL PROTEIN-ELECTROPHORESIS)""]",gram per deciliter,55639,
3020891,Body temperature,Body temperature,mapped,0,,1,"[""Temperature""]","[""Temperature""]",degree Celsius,68217,Expanded beyond the legacy code list using new TEST_NAME aliases from unique_lab_ids_w_units.csv. Rows with unsupported or semantically incompatible units are excluded by consolidate_dfci_labs.py.
3022217,INR in Platelet poor plasma by Coagulation assay,INR,mapped,2,PTI | PTINR,1,"[""PTINR""]","[""PTINR (INR | CDR SSHCC HEM LRR)""]",ratio,2,
3022914,Cancer Ag 19-9 [Units/volume] in Serum or Plasma,CA19-9,mapped,2,CA199 | CA199C,6,"[""CA199"", ""CA199C""]","[""CA199 (CA 19-9)"", ""CA199 (CA 19-9 (OLD))"", ""CA199 (CA19-9)"", ""CA199C (CA19-9)"", ""CA199C (CA 19-9)"", ""CA199 (CA 19-9 ANTIGEN | CDR MRMC LAB LRR)""]",unit per milliliter,321,
3023103,Potassium [Moles/volume] in Serum or Plasma,Potassium,mapped,2,K | PK,7,"[""K"", ""PK""]","[""K (POTASSIUM)"", ""PK (POTASSIUM)"", ""K (POTASSIUM | CDR EHS LAB LRR)"", ""K (POTASSIUM LEVEL | CDR MRMC LAB LRR)"", ""K (POTASSIUM | CDR SSHCC LAB LRR)"", ""K (POTASSIUM | CDR CRMA LAB LLR)"", ""K (POTASSIUM | CDR NSMC LAB LRR)""]",milliequivalent per liter,53236,
3023314,Hematocrit [Volume Fraction] of Blood by Automated count,Hematocrit,mapped,1,HCT,7,"[""HCT""]","[""HCT"", ""HCT (HEMATOCRIT)"", ""HCT (HEMATOCRIT | CDR MRMC HEM LRR)"", ""HCT (HEMATOCRIT | CDR EHS HEM LRR)"", ""HCT (HEMATOCRIT | CDR SSHCC HEM LRR)"", ""HCT (HEMATOCRIT | CDR CRMA HEM LRR)"", ""HCT (HEMATOCRIT | CDR MVH HEM LRR)""]",percent,50977,
3023599,MCV [Entitic mean volume] in Red Blood Cells by Automated count,MCV,mapped,1,MCV,8,"[""MCV""]","[""MCV"", ""MCV (MEAN CORPUSCULAR VOLUME)"", ""MCV (MEAN CORPUSCULAR VOLUME | CDR MRMC HEM LRR)"", ""MCV (MCV | CDR EHS HEM LRR)"", ""MCV (MCV | CDR SSHCC HEM LRR)"", ""MCV (MEAN CORPUSCULAR VOLUME | CDR SSHCC HEM LRR)"", ""MCV (MCV | CDR CRMA HEM LRR)"", ""MCV (MEAN CELL VOLUME | CDR MVH HEM LRR)""]",femtoliter,50972,
3024128,Bilirubin.total [Mass/volume] in Serum or Plasma,Total bilirubin,mapped,1,TBILI,11,"[""TBILI""]","[""TBILI (TOTAL BILIRUBIN)"", ""TBILI (BILI, TOTAL)"", ""TBILI (BILIRUBIN TOTAL)"", ""TBILI (TOTAL BILIRUBIN | CDR EHS LAB LRR)"", ""TBILI (BILIRUBIN,TOTAL)"", ""TBILI (TOTAL BILIRUBIN | CDR MRMC LAB LRR)"", ""TBILI (TOTAL BILIRUBIN | CDR SSHCC LAB LRR)"", ""TBILI (BILIRUBIN, TOTAL)"", ""TBILI (TBILI | CDR CRMA LAB LLR)"", ""TBILI (BILIRUBIN, TOTAL | CDR QUEST LAB LRR)"", ""TBILI (BILIRUBIN,TOTAL | CDR NSMC LAB LRR)""]",milligram per deciliter,55441,
3024171,Respiratory rate,Respiratory rate,mapped,2,RRATE | RRATE2,3,"[""Respiratory rate"", ""RRATE"", ""RRATE2""]","[""Respiratory rate"", ""RRATE (RESPIRATORY RATE)"", ""RRATE2 (RESPIRATORY RATE 2)""]",breaths per minute,61343,Expanded beyond the legacy code list using new TEST_NAME aliases from unique_lab_ids_w_units.csv. Rows with unsupported or semantically incompatible units are excluded by consolidate_dfci_labs.py.
3024561,Albumin [Mass/volume] in Serum or Plasma,Albumin,mapped,1,ALB,8,"[""ALB""]","[""ALB (ALBUMIN)"", ""ALB (ALBUMIN LEVEL)"", ""ALB (ALBUMIN | CDR EHS LAB LRR)"", ""ALB (ALBUMIN | CDR MRMC LAB LRR)"", ""ALB (ALBUMIN | CDR SSHCC LAB LRR)"", ""ALB (ALB | CDR CRMA LAB LLR)"", ""ALB (ALBUMIN | CDR NSMC LAB LRR)"", ""ALB (ALBUMIN | CDR QUEST LAB LRR)""]",gram per deciliter,55272,
3024929,Platelets [#/volume] in Blood by Automated count,Platelets,mapped,1,PLT,8,"[""PLT""]","[""PLT"", ""PLT (PLATELET)"", ""PLT (PLATELET COUNT)"", ""PLT (PLATELET COUNT | CDR MRMC HEM LRR)"", ""PLT (PLATELET COUNT | CDR EHS HEM LRR)"", ""PLT (PLATELET COUNT | CDR SSHCC HEM LRR)"", ""PLT (PLATELET COUNT | CDR CRMA HEM LRR)"", ""PLT (PLATELET COUNT | CDR MVH HEM LRR)""]",thousand per microliter,50982,
3025315,Body weight,Body weight,mapped,0,,1,"[""Weight""]","[""Weight""]",kilogram,81387,Expanded beyond the legacy code list using new TEST_NAME aliases from unique_lab_ids_w_units.csv.
3027018,Heart rate,Heart rate,mapped,2,HR | HR2,3,"[""Pulse"", ""HR"", ""HR2""]","[""Pulse"", ""HR (HEART RATE)"", ""HR2 (HEART RATE 2)""]",beats per minute,78707,Expanded beyond the legacy code list using new TEST_NAME aliases from unique_lab_ids_w_units.csv. Rows with unsupported or semantically incompatible units are excluded by consolidate_dfci_labs.py.
3027597,Bilirubin.direct [Mass/volume] in Serum or Plasma,Direct bilirubin,mapped,1,DBILI,8,"[""DBILI""]","[""DBILI (DIRECT BILIRUBIN)"", ""DBILI (BILI, DIRECT)"", ""DBILI (DIRECT BILIRUBIN | CDR MRMC LAB LRR)"", ""DBILI (BILIRUBIN, DIRECT | CDR EHS LAB LRR)"", ""DBILI (BILIRUBIN,DIRECT)"", ""DBILI (BILIRUBIN, DIRECT | CDR QUEST LAB LRR)"", ""DBILI (DBILI | CDR CRMA LAB LLR)"", ""DBILI (DIRECT BILIRUBIN | CDR EHS LAB LRR)""]",milligram per deciliter,10221,
3027970,Globulin [Mass/volume] in Serum by calculation,Globulin,mapped,1,GLOB,7,"[""GLOB""]","[""GLOB (GLOBULIN)"", ""GLOB (GLOBULIN | CDR SSHCC LAB LRR)"", ""GLOB (GLOBULIN, TOTAL)"", ""GLOB (GLOBULIN|CDR MRMC LAB)"", ""GLOB (TOTAL GLOBULIN)"", ""GLOB (GLOBULIN | CDR MRMC LAB LRR)"", ""GLOB (GLOBULIN | CDR QUEST LAB LRR)""]",gram per deciliter,53473,
3028615,Eosinophils [#/volume] in Blood by Automated count,Eosinophils absolute,mapped,4,AEO | AEOS | AEOSM | AEOSN,17,"[""AEOSN"", ""AEOS"", ""AEO"", ""AEOSM""]","[""AEOSN (ABSOLUTE EOS)"", ""AEOS (ABSOLUTE EOS)"", ""AEO (ABSOLUTE EOS)"", ""AEOS (EOS ABS AUTO)"", ""AEOSN (EOSINOPHILS # (AUTO))"", ""AEOS (ABSOLUTE EOSINOPHILS (CBC) | CDR MRMC HEM LRR)"", ""AEOSM (ABSOLUTE EOS)"", ""AEOS (EOSINOPHIL NO. | CDR EHS HEM LRR)"", ""AEOS (EOSINOPHILS (#) | CDR SSHCC HEM LRR)"", ""AEOSN (EOSINOPHILS #)"", ""AEO (EOSINOPHILS #)"", ""AEO (ABSOLUTE EOSINOPHILS (CBC) | CDR MRMC HEM LRR)"", ""AEOS (ABSOLUTE EOSINOPHIL COUNT | CDR SSHCC HEM LRR)"", ""AEOSN (EOSINOPHILS (#))"", ""AEO (EOSINOPHILS ABSOLUTE MANUAL)"", ""AEOS (EOS# | CDR CRMA HEM LRR)"", ""AEOSN (ABS  EOS)""]",thousand per microliter,51487,Rows with unsupported or semantically incompatible units are excluded by consolidate_dfci_labs.py.
3033575,Monocytes [#/volume] in Blood by Automated count,Monocytes absolute,mapped,4,AMONO | AMONOS | AMONS | MAMONO,16,"[""AMONS"", ""AMONO"", ""AMONOS"", ""MAMONO""]","[""AMONS (ABSOLUTE MONOS)"", ""AMONO (ABSOLUTE MONOS)"", ""AMONOS (MONO ABS AUTO)"", ""AMONS (MONOCYTES # (AUTO))"", ""AMONOS (ABSOLUTE MONOCYTES (CBC) | CDR MRMC HEM LRR)"", ""MAMONO (ABSOLUTE MONOS)"", ""AMONOS (MONOCYTE NO. | CDR EHS HEM LRR)"", ""AMONO (MONOCYTES #)"", ""AMONOS (MONOCYTES (#) | CDR SSHCC HEM LRR)"", ""AMONS (MONOCYTES #)"", ""AMONO (ABSOLUTE MONOCYTES (CBC) | CDR MRMC HEM LRR)"", ""AMONOS (ABSOLUTE MONOCYTE | CDR SSHCC HEM LRR)"", ""AMONS (MONOCYTES (#))"", ""AMONO (MONOCYTES ABSOLUTE MANUAL)"", ""AMONOS (MONO# | CDR CRMA HEM LRR)"", ""AMONS (ABS  MONO)""]",thousand per microliter,51779,
3034426,Prothrombin time (PT),PT,mapped,1,PT,8,"[""PT""]","[""PT"", ""PT (PROTIME, PATIENT | CDR EHS HEM LRR)"", ""PT (PROTHROMBIN TIME)"", ""PT (PROTHROMBIN TIME | CDR MRMC HEM LRR)"", ""PT (PROTHROMBIN TIME PATIENT | CDR SSHCC LAB LRR)"", ""PT (PT | CDR SSHCC HEM LRR)"", ""PT (PROTHROMBIN TIME (RESULT))"", ""PT (PROTIME)""]",second,3308,
3035995,Alkaline phosphatase [Enzymatic activity/volume] in Serum or Plasma,Alkaline phosphatase,mapped,2,ALK | ALKP,10,"[""ALKP"", ""ALK""]","[""ALKP (ALKALINE PHOSPHATASE)"", ""ALK (ALK P`TASE)"", ""ALK (ALKALINE PHOSPHATASE)"", ""ALKP (ALK PHOS | CDR EHS LAB LRR)"", ""ALKP (ALKALINE PHOSPHATASE | CDR MRMC LAB LRR)"", ""ALKP (ALKALINE PHOSPHATASE | CDR SSHCC LAB LRR)"", ""ALKP (ALK PHOS, TOTAL)"", ""ALKP (ALP | CDR CRMA LAB LLR)"", ""ALKP (ALK PHOS | CDR NSMC LAB LRR)"", ""ALKP (ALKALINE PHOSPHATASE | CDR QUEST LAB LRR)""]",international unit per liter,55508,
3036277,Body height,Body height,mapped,0,,1,"[""Height""]","[""Height""]",centimeter,53438,Expanded beyond the legacy code list using new TEST_NAME aliases from unique_lab_ids_w_units.csv.
3037551,Cancer Ag 125 [Units/volume] in Serum or Plasma,CA125,mapped,2,5020044623 | CA125,3,"[""CA125"", ""5020044623""]","[""CA125"", ""CA125 (CA125, CANCER ANTIGEN 125)"", ""5020044623 (CA 125 ANTIGEN | CDR MRMC LAB LRR)""]",unit per milliliter,6,
